<?xml version="1.0" encoding="UTF-8"?>
<project-private xmlns="http://www.netbeans.org/ns/project-private/1">
    <editor-bookmarks xmlns="http://www.netbeans.org/ns/editor-bookmarks/2" lastBookmarkId="0"/>
    <open-files xmlns="http://www.netbeans.org/ns/projectui-open-files/2">
        <group>
            <file>file:/Users/josesalinas/NetBeansProjects/BodegaSegurinett/src/bodegasegurinett/RemoveScreen.java</file>
            <file>file:/Users/josesalinas/NetBeansProjects/BodegaSegurinett/src/bodegasegurinett/MainScreen.java</file>
            <file>file:/Users/josesalinas/NetBeansProjects/BodegaSegurinett/src/bodegasegurinett/BodegaSegurinett.java</file>
            <file>file:/Users/josesalinas/NetBeansProjects/BodegaSegurinett/src/bodegasegurinett/ModifyScreen.java</file>
            <file>file:/Users/josesalinas/NetBeansProjects/BodegaSegurinett/src/bodegasegurinett/AddScreen.java</file>
            <file>file:/Users/josesalinas/NetBeansProjects/BodegaSegurinett/src/bodegasegurinett/NewProductScreen.java</file>
        </group>
    </open-files>
</project-private>
